Order,Titre_Texte,SOUND,MORPHEMES,M-GLOSS,CATEGORY
1.0,aHttab,ja,[jan],[one:M],
2.0,aHttab,w!ħttab,[w-!ħttab],[SMCS-woodcutter],N
3.0,aHttab,mskin,[mskin],[poor],N
4.0,aHttab,ar,[ar],[AR],
5.0,aHttab,ifttu,[i-fttu],[3MS-go away:Impf],V
6.0,aHttab,s,[s],[s],
7.0,aHttab,lʁaba,[l-ʁaba],[a forest],N
8.0,aHttab,jawi,[i-awi],[3MS-bring:Impf],V
9.0,aHttab,lbhimt,[l-bhimt],[the-beast],N
10.0,aHttab,ns,[n-s],[PossDet:3S],
11.0,aHttab,i!ʕmmr,[i-!ʕmmr],[3MS-fill:pf],V
12.0,aHttab,as,[a-s],[dat-3S],
13.0,aHttab,ikʃʃudn,[i-kʃʃud-n],[PMFS-logs],N
14.0,aHttab,jawid,[i-awi-d],[3MS-bring:ao],V
15.0,aHttab,lbhimt,[l-bhimt],[the-beast],N
16.0,aHttab,sssuq,[s-ssuq],[the-market],N
17.0,aHttab,izznz,[i-ss-nz],[3MS-caus-sell:pf],V
18.0,aHttab,ikʃʃudnlli,[i-kʃʃud-n-lli],[PMFS-logs-RelPro] ,N
19.0,aHttab,i!qqdod,[i-!qqdo-d],[3MS-purvey:pf-deic],V
20.0,aHttab,srsn,[sr-sn],[with-3MS],
21.0,aHttab,i,[i],[to],
22.0,aHttab,tarwa,[tarwa],[children],N
23.0,aHttab,ns,[n-s],[PossDet:3S],
24.0,,New_Sentence,New_Sentence,New_Sentence,
25.0,aHttab,ittif,[i-ttif],[3MS-give birth to:pf],V
26.0,aHttab,sin,[sin],[two],
27.0,aHttab,ddrari,[ddrari],[children],N
28.0,aHttab,dajman,[dajman],[always],
29.0,aHttab,ʁikann,[ʁikann],like this,
30.0,aHttab,a,[ad],[AD:Comp],
31.0,aHttab,jgan,[i-ga-n],[3MS-be-n:pf:partic],V
32.0,aHttab,!ssniʕt,[!ssniʕt],[practice],N
33.0,aHttab,ns,[n-s],[PossDet:3S],
34.0,,New_Sentence,New_Sentence,New_Sentence,
35.0,aHttab,sir,[sir],[go:Imper:ao],
36.0,aHttab,a,[a],[to],
37.0,aHttab,wssan,[wssan],[SMCS-day],N
38.0,aHttab,aʃkadd,[aʃka-dd],[come in2PM-deic],V
39.0,aHttab,a,[a],[to],
40.0,aHttab,wssan,[wssan],[SMCS-day],N
41.0,aHttab,ajlliʁ,[ajlliʁ],[until],
42.0,aHttab,ikka,[i-kka],[3MS-go by:pf],V
43.0,aHttab,lħal,[l-ħal],[the time],N
44.0,aHttab,mudda,[mudda],[duration],N
45.0,aHttab,ntta,[ntta],[him],
46.0,aHttab,!ssniʕt,[!ssniʕt],[practice],N
47.0,aHttab,a-nn,[a-nn],[DemDet-Deic:that],N
48.0,aHttab,a,[ad],[AD:Comp],
49.0,aHttab,bdda,[bdda],[always],
50.0,aHttab,igan,[i-ga-n],[3MS-be:pf-partic],V
51.0,aHttab,tins,[t-in-s],[PossPron:F/3MS],
52.0,aHttab,New_Sentence,New_Sentence,New_Sentence,
53.0,aHttab,jawid,[i-awi-d],[3MS-bring:ao],V
54.0,aHttab,!rbbi,[!rbbi],[God],N
55.0,aHttab,ja,[jan],[one:M],
56.0,aHttab,wass,[w-ass],[SMCS-day],N
57.0,aHttab,illa,[i-lla],[3MS-be:pf],V
58.0,aHttab,kra,[kra],[some],
59.0,aHttab,wsmmid,[w-smmid],[SMCS-cold],N
60.0,aHttab,iχwʃnn,[i-χwʃnn],[3MS-go bad:pf],V
61.0,aHttab,ur,[ur],[neg],
62.0,aHttab,tlli,[t-lli],[3FS-be:pf],V
63.0,aHttab,tafukt,[tafukt],[sun],N
64.0,aHttab,tgrs,[t-grs],[3FS-be freezing:pf],V
65.0,aHttab,luqqt,[l-uqqt],[the time],N
66.0,aHttab,tʒlχ,[t-ʒlχ],[3S-taint:pf],V
67.0,aHttab,luqqt,[l-uqqt],[the time],N
68.0,aHttab,bahhra,[bahhra],[a lot],
69.0,,New_Sentence,New_Sentence,New_Sentence,
70.0,aHttab,iddu,[i-ddu],[3MS-go:ao],V
71.0,aHttab,ssijjid,[ssijjid],[the man],N
72.0,aHttab,lli,[lli],[RelPro],
73.0,aHttab,ar,[ar],[AR],
74.0,aHttab,tagant,[tagant],[the forest],N
75.0,aHttab,iggummi,[i-ggummi],[3MS-be unable],V
76.0,aHttab,ann,[ad-nn],[AD:Comp-deic],V
77.0,aHttab,ig,[i-g],[3MS-be:ao],V
78.0,aHttab,ifassn,[i-fass-n],[PMFS-hand],N
79.0,aHttab,ns,[n-s],[PossDet:3S],
80.0,aHttab,s,[s],[with],
81.0,aHttab,ikʃʃudn,[i-kʃʃud-n],[PMFS-logs],N
82.0,aHttab,lli,[lli],[RelPro],
83.0,aHttab,at,[ad],[AD:Comp],
84.0,aHttab,tn,[tn],[Obj:3MP],
85.0,aHttab,izdm,[i-zdm],[3MS-woodshed:pf],V
86.0,aHttab,ula,[ula],[never],
87.0,aHttab,gis,[gi-s],[loc:3MS],
88.0,aHttab,ma,[ma],[what],
89.0,aHttab,jttħrrakn,[i-tt-ħrrak-n],[3MS-tt-move-n:partic],V
90.0,,New_Sentence,New_Sentence,New_Sentence,
91.0,aHttab,ar,[ar],[AR],
92.0,aHttab,ittqqijas,[i-tt-qqijas],[3MS-tt-try:Impf],V
93.0,aHttab,ajlliʁ,[ajlliʁ],[until],
94.0,aHttab,i!rmi,[i-!rmi],[3MS-be tire:pf],V
95.0,aHttab,jurri,[i-urri],[3MS-come back:pf],V
96.0,aHttab,ur,[ur],[neg],
97.0,aHttab,sul,[sul],[not yet],
98.0,aHttab,i!zdar,[i-!zdar],[3MS-go down:ao],V
99.0,aHttab,add,[ad],[AD:Comp],
100.0,aHttab,jawi,[i-awi],[3MS-carry:ao],V
101.0,aHttab,walu,[walu],[nothing],
102.0,aHttab,s,[s],[with],
103.0,aHttab,u!smmid,[u-!smmid],[SMCS-cold],N
104.0,aHttab,d,[d],[and],
105.0,aHttab,lʁadab,[l-ʁadab],[the anger],N
106.0,aHttab,lli,[lli],[RelPro],
107.0,aHttab,illan,[i-lla-n],[3MS-be-n:partic],V
108.0,,New_Sentence,New_Sentence,New_Sentence,
109.0,aHttab,jafd,[i-af-d],[3MS-find:pf-deic],V
110.0,aHttab,jan,[ja-n],[one:M],
111.0,aHttab,!ttir,[!ttir],[a bird],N
112.0,aHttab,inʁat,[i-nʁ-a-t],[3MS-kill:pf-itself],V
113.0,aHttab,u!smmid,[u-!smmid],[SMCS-cold],N
114.0,,New_Sentence,New_Sentence,New_Sentence,
115.0,aHttab,inna,[i-nna],[3MS-say:pf],V
116.0,aHttab,awa,[awa],[so],
117.0,aHttab,balak,[balak],[spread:ao 2S],V
118.0,aHttab,ʁilad,[ʁilad],[deic],
119.0,aHttab,!ttir,[!ttir],[a bird],N
120.0,aHttab,at,[ad],[AD:Comp],
121.0,aHttab,t,[t],[Obj:3S],
122.0,aHttab,asiʁ,[asi-ʁ],[take away:ao-1S],V
123.0,aHttab,at,[ad],[AD:Comp],
124.0,aHttab,t,[t],[Obj:3S],
125.0,aHttab,awiʁ,[awi-ʁ],[bring:ao-1S],V
126.0,aHttab,i,[i],[to],
127.0,aHttab,ddrari,[ddrari],[children],N
128.0,aHttab,mas,[ma-s],[what-with],
129.0,aHttab,at,[ad],[AD:Comp],
130.0,aHttab,tlʕabn,[t-lʕab-n],[3MS-play:ao],V
131.0,aHttab,at,[ad],[AD:Comp],
132.0,aHttab,tun,[tu-n],[forget:ao-3MS],V
133.0,aHttab,lmakla,[l-makla],[food],N
134.0,,New_Sentence,New_Sentence,New_Sentence,
135.0,aHttab,aʃku,[aʃku],[because],
136.0,aHttab,ntta,[ntta],[him],
137.0,aHttab,mskin,[mskin],[poor],N
138.0,aHttab,!llah,[!llah],[God],N
139.0,aHttab,krim,[krim],[generous],
140.0,aHttab,ʁ,[ʁ],[at],
141.0,aHttab,tgmmi,[t-gmmi],[FSCS-house],N
142.0,aHttab,ħtta,[ħtta],[even if],
143.0,aHttab,aħanu,[a-ħanu],[MFSS-store],N
144.0,aHttab,llχzin,[ll-χzin],[the shop],N
145.0,aHttab,ur,[ur],[neg],
146.0,aHttab,sul,[sul],[not yet],
147.0,aHttab,gis,[gi-s],[loc:3MS],
148.0,aHttab,jat,[jat],[nothing],
149.0,aHttab,asggwas,[a-sggwas],[MFSS-year],N
150.0,aHttab,i!drnn,[i-!dr-n-n],[which-pass-n:partic],V
151.0,aHttab,New_Sentence,New_Sentence,New_Sentence,
152.0,aHttab,jasid,[i-asi-d],[3MS-bring:ao-deic],V
153.0,aHttab,!ttir,[!ttir],[a bird],N
154.0,aHttab,lli,[lli],[RelPro],
155.0,aHttab,izzigzd,[i-zzigz-d],[3MS-[walk:ao-deic],V
156.0,aHttab,ajlliʁd,[ajlliʁ-d],[until-deic],
157.0,aHttab,ilkm,[i-lkm],[3MS-get in:pf],V
158.0,aHttab,tigmmi,[ti-gmmi],[FFSS-house],N
159.0,,New_Sentence,New_Sentence,New_Sentence,
160.0,aHttab,tmmiqqir,[t-mmiqqir],[3FS-get upset:pf],V
161.0,aHttab,iss,[iss],[with],
162.0,aHttab,tmʁart,[t-mʁar-t],[FSCS-woman],N
163.0,,New_Sentence,New_Sentence,New_Sentence,
164.0,aHttab,tnna,[t-nna],[3FS-say:pf],V
165.0,aHttab,jas,[i-a-s],[to-dat-3S],
166.0,aHttab,awa,[awa],[so],
167.0,aHttab,ʁassad,[ʁ-ass-a-d],[today-deic],N
168.0,aHttab,akkw,[akkw],[not even],
169.0,aHttab,urd,[ur-d],[neg-deic],
170.0,aHttab,tiwit,[t-iwi-t],[2MS-bring:ao],V
171.0,aHttab,ma,[ma],[what],
172.0,aHttab,nʃʃa,[n-ʃʃa],[1P-eat:pf],V
173.0,,New_Sentence,New_Sentence,New_Sentence,
174.0,aHttab,inna,[i-nna],[3MS-say:pf],V
175.0,aHttab,jas,[i-a-s],[to-dat-3S],
176.0,aHttab,a,[a],[voc],
177.0,aHttab,bnti,[bnti],[my daughter],N
178.0,aHttab,illa,[i-lla],[3MS-be:pf],V
179.0,aHttab,u!smmid,[u-!smmid],[SMCS-cold],N
180.0,aHttab,iχwʃnn,[i-χwʃnn],[3MS-be bad:pf],V
181.0,aHttab,ur,[ur],[neg],
182.0,aHttab,ufiʁ,[ufi-ʁ],[find:pf-1S],V
183.0,aHttab,mad,[mad],[what],
184.0,aHttab,skarʁ,[skar-ʁ],[do:ao-1S],V
185.0,,New_Sentence,New_Sentence,New_Sentence,
186.0,aHttab,tnna,[t-nna],[3FS-say:pf],V
187.0,aHttab,jas,[i-a-s],[to-dat-3S],
188.0,aHttab,mas,[ma-s],[what-with],
189.0,aHttab,ra,[ra],[ra],
190.0,aHttab,za,[za],[za],
191.0,aHttab,nsfss,[n-sfss],[1P-silence:Impf],N
192.0,aHttab,ddrari,[ddrari],[children],N
193.0,,New_Sentence,New_Sentence,New_Sentence,
194.0,aHttab,inna,[i-nna],[3MS-say:pf],V
195.0,aHttab,jas,[i-a-s],[to-dat-3S],
196.0,aHttab,ha,[ha],[here is],
197.0,aHttab,jan,[ja-n],[one:M],
198.0,aHttab,!ttir,[!ttir],[a bird],N
199.0,aHttab,iwiχ,[iwi-χ],[bring:pf-1S],V
200.0,aHttab,tid,[t-id],[Obj:3S-deic],
201.0,aHttab,i,[i],[to],
202.0,aHttab,ddrari,[ddrari],[children],N
203.0,aHttab,mas,[ma-s],[what-with],
204.0,aHttab,at,[ad],[AD:Comp],
205.0,aHttab,tlʕabn,[t-lʕab-n],[3MS-play:ao],V
206.0,aHttab,ikun,[ikun],[maybe],
207.0,aHttab,akkw,[akkw],[not even],
208.0,aHttab,ur,[ur],[neg],
209.0,aHttab,add,[ad],[AD:Comp],
210.0,aHttab,ssmkwtin,[ss-mkwt-in],[caus-forget:ao-3PM],V
211.0,aHttab,amttʃu,[a-mttʃu],[MFSS-food],N
212.0,aHttab,ard,[ard],[until],
213.0,aHttab,!sbaħ,[!sbaħ],[morning],N
214.0,aHttab,ann,[a-nn],[DemDet-Deic:that],
215.0,aHttab,nʃʃaʕ,[nʃʃaʕ],[if God want it],V
216.0,aHttab,!llah,[!llah],[God],N
217.0,,New_Sentence,New_Sentence,New_Sentence,
218.0,aHttab,awa,[awa],[so],
219.0,aHttab,if,[if],[if],
220.0,aHttab,!ttir,[!ttir],[a bird],N
221.0,aHttab,lli,[lli],[RelPro],
222.0,aHttab,tazzanin,[t-azzan-in],[PMFS-children],N
223.0,aHttab,ar,[ar],[AR],
224.0,aHttab,srs,[sr-s],[to-3S],
225.0,aHttab,ttlʕabn,[tt-lʕab-n],[tt-play:Impf-3PM],V
226.0,,New_Sentence,New_Sentence,New_Sentence,
227.0,aHttab,!ttir,[!ttir],[a bird],N
228.0,aHttab,lli,[lli],[RelPro],
229.0,aHttab,tlkmt,[t-lkm-t],[3MS-arrive:ao],V
230.0,aHttab,luqt,[l-uqt],[the time],N
231.0,aHttab,lliʁ,[lliʁ],[RelPro],
232.0,aHttab,ra,[ra],[ra],
233.0,aHttab,!jsdr,[j-!sdr],[3MS-lay an egg:Impf],V
234.0,aHttab,jakwi,[i-akwi],[3MS:go down:ao],V
235.0,aHttab,s,[s],[with],
236.0,aHttab,ja,[jan],[one:M],
237.0,aHttab,llmakan,[l l-makan],[the place],N
238.0,aHttab,i!sdr,[i-!sdr],[3MS-lay an egg:Impf],V
239.0,aHttab,jat,[jat],[one:F],
240.0,aHttab,talwizt,[ta-lwiz-t],[FFSS-gold piece],N
241.0,aHttab,asin,[asi-n],[take away:ao-3PM],V
242.0,aHttab,tt,[tt],[Obj:3FS],
243.0,aHttab,tazzanin,[t-azzan-in],[PMFS-children],N
244.0,aHttab,mlin,[mli-n],[show:pf-3PM],V
245.0,aHttab,tt,[tt],[Obj:3S],
246.0,aHttab,ibbwattsn,[i-bbwa-tts-n],[dat-father-poss3P],N
247.0,aHttab,nnan,[nna-n],[say:pf-3PM],V
248.0,aHttab,as,[a-s],[dat-3S],
249.0,aHttab,ha,[ha],[here is],
250.0,aHttab,ma,[ma],[what],
251.0,aHttab,j!sdr,[i-!sdr],[3MS-put:pf],V
252.0,aHttab,a,[a],[voc],
253.0,aHttab,bbwa,[bbwa],[father],N
254.0,aHttab,!ttir,[!ttir],[a bird],N
255.0,aHttab,lli,[lli],[RelPro],
256.0,aHttab,jaʁd,[i-aʁ-d],[to-dat:1P-deic],
257.0,aHttab,tiwit,[t-iwi-t],[2MS-bring:ao],V
258.0,,New_Sentence,New_Sentence,New_Sentence,
259.0,aHttab,jafi,[i-afi],[3MS-find:pf],V
260.0,aHttab,tinn,[t-inn],[Obj-deic],
261.0,aHttab,iga,[i-ga],[3MS-do:pf],V
262.0,aHttab,tallwizt,[ta-llwiz-t],[FFSS-gold pieces],N
263.0,,New_Sentence,New_Sentence,New_Sentence,
264.0,aHttab,jawi,[i-awi],[3MS-bring:ao],V
265.0,aHttab,tt,[tt],[Obj:3S],
266.0,aHttab,s,[s],[to],
267.0,aHttab,ssuq,[ssuq],[market],N
268.0,aHttab,i!qqdo,[i-!qqdo],[3MS-supply:ao],V
269.0,aHttab,i,[i],[dat],
270.0,aHttab,ddrari,[ddrari],[children],N
271.0,aHttab,lli,[lli],[RelPro],
272.0,aHttab,ns,[n-s],[PossDet:3S],
273.0,aHttab,lχir,[l-χir],[lot of good],N
274.0,aHttab,ʃuf,[ʃuf],[look],
275.0,aHttab,kijji,[kijji],[2MS],
276.0,aHttab,!rrzq,[!rrzq],[livelihood],N
277.0,aHttab,iʁ,[iʁ],[if],
278.0,aHttab,rat,[rad],[RAD:Fut],
279.0,aHttab,tid,[t-id],[t-id],
280.0,aHttab,isbajn,[i-sbajn],[3MS-reveal:ao],V
281.0,aHttab,!rbbi,[!rbbi],[God],N
282.0,aHttab,i,[i],[dat],
283.0,aHttab,kra,[kra],[some],
284.0,aHttab,lχlq,[l-χlq],[creature],N
285.0,,New_Sentence,New_Sentence,New_Sentence,
286.0,aHttab,Jasid,[i-asi-d],[3MS-bring:ao-deic],V
287.0,aHttab,!ttir,[!ttir],[a bird],N
288.0,aHttab,lli,[lli],[RelPro],
289.0,aHttab,i!tthalla,[i-!tthalla],[3MS-cure:pf],V
290.0,aHttab,gis,[gi-s],[loc:3MS],
291.0,aHttab,i!ħft,[i-!ħfd],[3MS-keep:pf],V
292.0,aHttab,t,[t],[Obj:3S],
293.0,aHttab,ar,[ar],[AR],
294.0,aHttab,as,[a-s],[dat:3MS],
295.0,aHttab,ittsddar,[i-tt-sddar],[3MS-tt-lay:Impf],V
296.0,aHttab,tallwizt,[ta-llwiz-t],[FFSS-gold pieces],N
297.0,aHttab,i,[i],[every],
298.0,aHttab,wass,[w-ass],[SMCS-day],N
299.0,,New_Sentence,New_Sentence,New_Sentence,
300.0,aHttab,!ssniʕt,[!ssniʕt],[practice],N
301.0,aHttab,ns,[n-s],[PossDet:3S],
302.0,aHttab,ifl,[i-fl],[3MS-leave:pf],V
303.0,aHttab,tt,[tt],[Obj:3S],
304.0,,New_Sentence,New_Sentence,New_Sentence,
305.0,aHttab,!ikʃʃudn,[i-!kʃʃud-n],[PMFS-logs],N
306.0,aHttab,ur,[ur],[neg],
307.0,aHttab,tn,[tn],[Obj-P],
308.0,aHttab,sul,[sul],[not yet],
309.0,aHttab,isala,[i-sala],[3MS-finish:pf],V
310.0,,New_Sentence,New_Sentence,New_Sentence,
311.0,aHttab,iʁʷna,[i-ʁʷna],[3MS-enrich:pf],V
312.0,aHttab,t,[t],[Obj:3S],
313.0,aHttab,!rbbi,[!rbbi],[God],N
314.0,,New_Sentence,New_Sentence,New_Sentence,
315.0,aHttab,!ttir,[!ttir],[a bird],N
316.0,aHttab,lli,[lli],[RelPro],
317.0,aHttab,a,[ad],[AD:Comp],
318.0,aHttab,jgan,[i-ga-n],[3MS-be:pf-partic],V
319.0,aHttab,ssibab,[ssibab],[reason],N
320.0,aHttab,ns,[n-s],[PossDet:3S],
321.0,aHttab,ar,[ar],[AR],
322.0,aHttab,ittawi,[i-tt-awi],[3MS-bring:Impf],V
323.0,aHttab,ar,[ar],[AR],
324.0,aHttab,ittawi,[i-tt-awi],[3MS-bring:Impf],V
325.0,aHttab,ar,[ar],[AR],
326.0,aHttab,itt!srraf,[i-tt-!srraf],[3MS-exchange:Impf],V
327.0,aHttab,llwiz,[llwiz],[PFFS-gold pieces],N
328.0,aHttab,lli,[lli],[RelPro],
329.0,aHttab,ns,[n-s],[PossDet:3S],
330.0,aHttab,ard,[ar-d],[AR-deic],
331.0,aHttab,gis,[gi-s],[loc:3MS],
332.0,aHttab,itt!qdo,[i-tt-!qdo],[3MS-hoard:ao],V
333.0,aHttab,ar,[ar],[AR],
334.0,aHttab,asd,[a-s-d],[dat:3MS-deic],
335.0,aHttab,gis,[gi-s],[loc:3MS],
336.0,aHttab,itt!ʃid,[i-tt-!ʃid],[3MS-remain:pf],V
337.0,aHttab,lχir,[l-χir],[lot of good],N
338.0,,New_Sentence,New_Sentence,New_Sentence,
339.0,aHttab,lliʁ,[lliʁ],[RelPro],
340.0,aHttab,ikka,[i-kka],[3MS-go by:pf],V
341.0,aHttab,ma,[ma],[what],
342.0,aHttab,ʃa,[ʃa],[3MS:want:pf],V
343.0,aHttab,!llah,[!llah],[God],N
344.0,aHttab,ibnu,[i-bnu],[3MS-build:pf],V
345.0,aHttab,tigmmi,[ti-gmmi],[FFSS-house],N
346.0,aHttab,ns,[n-s],[PossDet:3S],
347.0,aHttab,iskr,[i-skr],[3MS-do:pf],V
348.0,aHttab,tawajja,[tawajja],[slave],N
349.0,aHttab,iffʁnn,[i-ffʁ-nn],[3MS-go out:pf-deic],V
350.0,aHttab,ʁ,[ʁ],[to],
351.0,aHttab,nnʕmat,[nnʕma-t],[graces],N
352.0,aHttab,!jadnin,[!jadnin],[an other],
353.0,aHttab,ur,[ur],[neg],
354.0,aHttab,sul,[sul],[not yet],
355.0,aHttab,iqqwnʕa,[i-qqwnʕa],[3MS-satiate:pf],V
356.0,aHttab,s,[s],[with],
357.0,aHttab,lχdmt,[l-χdmt],[a job],N
358.0,aHttab,llis,[lli-s],[RelPro-with],
359.0,aHttab,ttinn,[tt-inn],[Obj-deic],
360.0,aHttab,jadlli,[jadlli],[anyway],
361.0,aHttab,ikka,[i-kka],[3MS-go by:pf],V
362.0,,New_Sentence,New_Sentence,New_Sentence,
363.0,aHttab,inna,[i-nna],[3MS-say:pf],V
364.0,aHttab,jak,[i-a-k],[to-dat-2S],
365.0,aHttab,ma,[ma],[what],
366.0,aHttab,jji,[iji],[1S:me],
367.0,aHttab,iχassan,[i-χassa-n],[3MS-miss-n:partic],V
368.0,aHttab,ʁila,[ʁila],[deic],
369.0,aHttab,add,[ad],[AD:Comp],
370.0,aHttab,kkʁ,[kk-ʁ],[come back:ao-1S],V
371.0,aHttab,lħiʒ,[l-ħiʒ],[pilgrimage],N
372.0,aHttab,ʁ,[ʁ],[at],
373.0,aHttab,lmaqam,[l-maqam],[place],N
374.0,aHttab,n,[n],[of],
375.0,aHttab,nnabi,[nnabi],[the prophet],N
376.0,,New_Sentence,New_Sentence,New_Sentence,
377.0,aHttab,nttan,[ntta-n],[him-deic],
378.0,aHttab,ad,[ad],[AD:Comp],
379.0,aHttab,i,[i],[to],
380.0,aHttab,jji,[iji],[dat:1S],
381.0,aHttab,iqqaman,[i-qqama-n],[3S-remain-n:partic],V
382.0,,New_Sentence,New_Sentence,New_Sentence,
383.0,aHttab,jasid,[i-asi-d],[3MS-bring:ao-deic],V
384.0,aHttab,tawajja,[tawajja],[slave],N
385.0,aHttab,imun,[i-mun],[3MS-go with:pf],V
386.0,aHttab,iss,[i-sd],[with him],
387.0,aHttab,sdar,[s-dar],[at],
388.0,aHttab,udaj,[udaj],[jewish],N
389.0,aHttab,lliʁ,[lliʁ],[RelPro],
390.0,aHttab,a,[ad],[AD:Comp],
391.0,aHttab,jtt!srraf,[i-tt-!srraf],[3MS-exchange:pf],V
392.0,aHttab,lwiz,[lwiz],[PFFS-gold pieces],N
393.0,aHttab,lli,[lli],[RelPro],
394.0,,New_Sentence,New_Sentence,New_Sentence,
395.0,aHttab,inna,[i-nna],[3MS-say:pf],V
396.0,aHttab,jas,[i-a-s],[to-dat-3S],
397.0,aHttab,ar,[ar],[AR],
398.0,aHttab,ad,[ad],[AD:Comp],
399.0,aHttab,ttawi,[tt-awi],[3FS-bring:ao],V
400.0,aHttab,lwiz,[lwiz],[PFFS-gold pieces],N
401.0,aHttab,art,[ard],[ard],
402.0,aHttab,t,[t],[Obj:3S],
403.0,aHttab,t!sarraft,[t-!sarraf-t],[3FS-exchange:pf],V
404.0,aHttab,ʁi,[ʁi],[deic],
405.0,aHttab,arnn,[ar-nn],[ar-deic],
406.0,aHttab,ttqdot,[tt-qdo-t],[2FS-finish:ao],V
407.0,aHttab,i,[i],[dat],
408.0,aHttab,tarwanw,[tarwa-nw],[children-poss:1S],N
409.0,aHttab,kra,[kra],[some],
410.0,aHttab,jga,[i-ga],[3MS-be:pf],V
411.0,aHttab,t,[t],[Obj:3S],
412.0,aHttab,ass,[ass],[day],
413.0,aHttab,New_Sentence,New_Sentence,New_Sentence,
414.0,aHttab,fiʕlan,[fiʕlan],[Actually],
415.0,aHttab,ssijjid,[ssijjid],[the man],N
416.0,aHttab,lli,[lli],[RelPro],
417.0,aHttab,ifta,[i-fta],[3MS-go away:pf],V
418.0,aHttab,s,[s],[at],
419.0,aHttab,lħiʒʒ,[l-ħiʒʒ],[pilgrimage],N
420.0,aHttab,tawajja,[tawajja],[slave],N
421.0,aHttab,art,[art],[ard],
422.0,aHttab,tawi,[t-awi],[2S-bring:ao],V
423.0,aHttab,lwiz,[lwiz],[PFFS-gold pieces],N
424.0,aHttab,art,[ard],[ard],
425.0,aHttab,t,[t],[Obj:3S],
426.0,aHttab,t!srraf,[t-!srraf],[3FS-exchange:Impf],V
427.0,aHttab,tgawr,[t-gawr],[3FS-stay:ao],V
428.0,aHttab,tmʁart,[t-mʁar-t],[FSCS-woman],N
429.0,aHttab,ar,[ar],[AR],
430.0,aHttab,jaw,[jan],[one],
431.0,aHttab,was,[was],[day],N
432.0,aHttab,tnna,[t-nna],[3FS-say:pf],V
433.0,aHttab,jas,[i-a-s],[to-dat-3S],
434.0,aHttab,labudd,[labudd],[necessary],
435.0,aHttab,ad,[ad],[AD:Comp],
436.0,aHttab,didi,[did-i],[with-1S],
437.0,aHttab,tmunt,[t-mun-t],[2MS-go with:ao],V
438.0,aHttab,a,[a],[to],
439.0,aHttab,jji,[iji],[1S:me],
440.0,aHttab,tmlt,[t-ml-t],[2S-show:ao],V
441.0,aHttab,maniʁ,[maniʁ],[where],
442.0,aHttab,ad,[ad],[AD:Comp],
443.0,aHttab,tt!ssrraft,[tt-!ssrraf-t],[2S-exchange:ao],V
444.0,aHttab,lwiz,[lwiz],[PFFS-gold pieces],N
445.0,aHttab,a,[ad],[AD:Comp],
446.0,aHttab,tmun,[t-mun],[2MS-go with:pf],V
447.0,aHttab,iss,[iss],[with her],
448.0,aHttab,twajja,[twajja],[slave],N
449.0,aHttab,ajlliʁ,[ajlliʁ],[until],
450.0,aHttab,lkmnt,[lkm-n-t],[3PF:arrive:pf-],V
451.0,aHttab,dar,[dar],[to],
452.0,aHttab,udaj,[udaj],[jewish],N
453.0,aHttab,lliʁ,[lliʁ],[RelPro],
454.0,aHttab,ad,[ad],[AD:Comp],
455.0,aHttab,tt!srraf,[tt-!srraf],[2S-exchange:ao],V
456.0,aHttab,lwiz,[lwiz],[PFFS-gold pieces],N
457.0,aHttab,t!srrf,[t-!srrf],[3FS-exchange:pf],V
458.0,aHttab,gis,[gi-s],[loc:3MS],
459.0,aHttab,talwizt,[ta-lwiz-t],[FFSS-gold piece],N
460.0,,New_Sentence,New_Sentence,New_Sentence,
461.0,aHttab,inna,[i-nna],[3MS-say:pf],V
462.0,aHttab,jas,[i-a-s],[to-dat-3S],
463.0,aHttab,udaj,[udaj],[jewish],N
464.0,aHttab,riʁ,[ri-ʁ],[want:ao-1S],V
465.0,aHttab,a,[ad],[AD:Comp],
466.0,aHttab,jji,[iji],[1S:me],
467.0,aHttab,tmlt,[t-ml-t],[2S-show:ao],V
468.0,aHttab,manid,[manid],[whence],
469.0,aHttab,srm,[sr-m],[to-2FS],
470.0,aHttab,ittkka,[i-tt-kka],[3MS-tt-pass:pf],V
471.0,aHttab,lwiz,[lwiz],[PFFS-gold pieces],N
472.0,aHttab,a,[a],[voc],
473.0,aHttab,maniʁ,[maniʁ],[where],
474.0,aHttab,at,[ad],[AD:Comp],
475.0,aHttab,afit,[af-id],[3FS-find:pf-deic],V
476.0,aHttab,t,[t],[Obj:3S],
477.0,aHttab,dajman,[dajman],[always],
478.0,aHttab,ar,[ar],[AR],
479.0,aHttab,dari,[dar-i],[at-1S],
480.0,aHttab,itt!srraf,[i-tt-!srraf],[3MS-exchange:ao],V
481.0,aHttab,urgaz,[u-rgaz],[SMCS-man],N
482.0,aHttab,nm,[n-m],[PossDet:2FS],
483.0,aHttab,ar,[ar],[AR],
484.0,aHttab,dari,[dar-i],[at-1S],
485.0,aHttab,tt!srraf,[tt-!srraf],[3FS-exchange:ao],V
486.0,aHttab,twajja,[twajja],[slave],N
487.0,aHttab,ar,[ar],[AR],
488.0,aHttab,dari,[dar-i],[at-1S],
489.0,aHttab,ʁila,[ʁila],[deic],
490.0,aHttab,tt!srraft,[tt-!srraf-t],[2S-exchange:ao:S],V
491.0,aHttab,kmmi,[kmmi],[2FS],
492.0,,New_Sentence,New_Sentence,New_Sentence,
493.0,aHttab,tnna,[t-nna],[3FS-say:pf],V
494.0,aHttab,jas,[i-a-s],[to-dat-3S],
495.0,aHttab,awddi,[awddi],[Interjection],
496.0,aHttab,ʁ,[ʁ],[in],
497.0,aHttab,lħaqiqa,[l-ħaqiqa],[the truth],N
498.0,aHttab,aʃku,[aʃku],[because],
499.0,aHttab,timʁarin,[ti-mʁar-in],[women],N
500.0,aHttab,hati,[hati],[presentative],
501.0,aHttab,ur,[ur],[neg],
502.0,aHttab,!ttafnt,[!ttaf-n-t],[have:pf-3FS],V
503.0,aHttab,lʕaqql,[l-ʕaqql],[the brainl],N
504.0,aHttab,tggut,[t-ggut],[F-be abundant],V
505.0,aHttab,gisnt,[gi-s-n-t],[loc:3FS],
506.0,aHttab,nnijt,[nnijt],[good faith],N
507.0,,New_Sentence,New_Sentence,New_Sentence,
508.0,aHttab,ʁajann,[ʁ-aja-nn],[DemPro-Deic:this],
509.0,aHttab,a,[ad],[AD:Comp],
510.0,aHttab,jasnt,[i-a-snt],[to-dat-3FM],
511.0,aHttab,djiwin,[d-i-iwi-n],[Comp-3MS-bring-n:partic],V
512.0,aHttab,ʁika,[ʁika],[like this],
513.0,aHttab,darnʁ,[dar-nʁ],[have:pf-1P],
514.0,aHttab,jan,[ja-n],[one:M],
515.0,aHttab,!ttir,[!ttir],[a bird],N
516.0,aHttab,nttan,[nttan],[nttan],
517.0,aHttab,a,[ad],[AD:Comp],
518.0,aHttab,jaʁ,[i-aʁ],[dat-1P:us],
519.0,aHttab,iskarn,[i-skar-n],[3MS-make-n:partic],V
520.0,aHttab,lwiz,[lwiz],[PFFS-gold pieces],N
521.0,aHttab,a,[a-d],[DemDet-Deic:this] ,
522.0,,New_Sentence,New_Sentence,New_Sentence,
523.0,aHttab,inna,[i-nna],[3MS-say:pf],V
524.0,aHttab,jas,[i-a-s],[to-dat-3S],
525.0,aHttab,abnti,[a-bnti],[O-daughter],N
526.0,aHttab,lliʁdd,[lliʁdd],[when],
527.0,aHttab,!ttir,[!ttir],[a bird],N
528.0,aHttab,nna,[nna],[RelPro],
529.0,aHttab,nkki,[nkki],[1S:me],
530.0,aHttab,dari,[dar-i],[at-1S],
531.0,aHttab,ja,[ja],[a:indefinite article],
532.0,aHttab,lʕadad,[l-ʕadad],[number],N
533.0,aHttab,lmal,[l-mal],[money],N
534.0,aHttab,ja,[ja],[a:indefinite article],
535.0,aHttab,lʕadad,[l-ʕadad],[number],N
536.0,aHttab,n,[n],[of],
537.0,aHttab,ddahab,[ddahab],[gold],N
538.0,aHttab,dari,[dar-i],[at-1S],
539.0,aHttab,ja,[ja],indefinite article,
540.0,aHttab,lʕadad,[l-ʕadad],[number],N
541.0,aHttab,n,[n],[of],
542.0,aHttab,nnqqwrt,[nnqqwrt],[silver],N
543.0,,New_Sentence,New_Sentence,New_Sentence,
544.0,aHttab,tamʁart,[ta-mʁar-t],[FSCS-woman],N
545.0,aHttab,lli,[lli],[RelPro],
546.0,aHttab,i!ttmmʕ,[i-!ttmmʕ],[3MS-covet:pf],V
547.0,aHttab,tt,[tt],[Obj:3S],
548.0,aHttab,udaj,[udaj],[jewish],N
549.0,,New_Sentence,New_Sentence,New_Sentence,
550.0,aHttab,inna,[i-nna],[3MS-say:pf],V
551.0,aHttab,jas,[i-a-s],[to-dat-3S],
552.0,aHttab,nkki,[nkki],[1S:me],
553.0,aHttab,riʁ,[ri-ʁ],[want:ao-1S],V
554.0,aHttab,a,[ad],[AD:Comp],
555.0,aHttab,ddim,[ddi-m],[in-2FS],
556.0,aHttab,ttahlʁ,[ttahl-ʁ],[marry:pf-1S],V
557.0,,New_Sentence,New_Sentence,New_Sentence,
558.0,aHttab,nkki,[nkki],[1S:me],
559.0,aHttab,ʁila,[ʁila],[deic],
560.0,aHttab,argaz,[a-rgaz],[MFSS-man],N
561.0,aHttab,nm,[n-m],[PossDet:2FS],
562.0,aHttab,ifta,[i-fta],[3MS-go away:pf],V
563.0,aHttab,s,[s],[to],
564.0,aHttab,lħiʒʒ,[l-ħiʒʒ],[pilgrimage],N
565.0,aHttab,ma,[ma],[what],
566.0,aHttab,jssnn,[i-ssn-n],[3MS-know-n:partic],V
567.0,aHttab,akkw,[akkw],[not even],
568.0,aHttab,ur,[ur],[neg],
569.0,aHttab,add,[ad],[AD:Comp],
570.0,aHttab,jurri,[i-urri],[3MS-return:pf],V
571.0,,New_Sentence,New_Sentence,New_Sentence,
572.0,aHttab,tnna,[t-nna],[3FS-say:pf],V
573.0,aHttab,jas,[i-a-s],[to-dat-3S],
574.0,aHttab,waχχa,[waχχa],[even if],N
575.0,,New_Sentence,New_Sentence,New_Sentence,
576.0,aHttab,inna,[i-nna],[3MS-say:pf],V
577.0,aHttab,jas,[i-a-s],[to-dat-3S],
578.0,aHttab,walajnni,[walajnni],[but],
579.0,aHttab,iχssa,[i-χssa],[3MS-miss:pf],V
580.0,aHttab,a,[ad],[AD:Comp],
581.0,aHttab,zwar,[zwar],[first],
582.0,aHttab,ʃʃʁ,[ʃʃ-ʁ],[eat:ao-1S],V
583.0,aHttab,!ttir,[!ttir],[a bird],N
584.0,aHttab,nna,[nna],[RelPro],
585.0,aHttab,nkki,[nkki],[1S:me],
586.0,aHttab,didm,[did-m],[with-2FS],
587.0,aHttab,lʕahd,[l-ʕahd],[the-promise],N
588.0,aHttab,ngratnʁ,[ngr-at-n-ʁ],[between-1P],
589.0,aHttab,!ttir,[!ttir],[a bird],N
590.0,aHttab,nna,[nna],[RelPro],
591.0,aHttab,at,[ad],[AD:Comp],
592.0,aHttab,t,[t],[Obj:3S],
593.0,aHttab,igan,[i-ga-n],[3MS-be-n:partic],V
594.0,aHttab,at,[ad],[AD:Comp],
595.0,aHttab,t,[t],[Obj:3S],
596.0,aHttab,nʃʃ,[n-ʃʃ],[1P-eat:ao],V
597.0,,New_Sentence,New_Sentence,New_Sentence,
598.0,aHttab,udaj,[udaj],[jewish],N
599.0,aHttab,ntta,[ntta],[him],
600.0,aHttab,maʁas,[maʁas],[maʁas],
601.0,aHttab,tlla,[t-lla],[3FS-be:pf],V
602.0,aHttab,lbakija,[l-bakija],[the-packet],N
603.0,aHttab,tlla,[t-lla],[3FS-be:pf],V
604.0,aHttab,jas,[i-a-s],[to-dat-3S],
605.0,aHttab,ʁ,[ʁ],[in],
606.0,aHttab,ul,[ul],[heart],N
607.0,aHttab,n,[n],[of],
608.0,aHttab,!ttir,[!ttir],[a bird],N
609.0,,New_Sentence,New_Sentence,New_Sentence,
610.0,aHttab,tnna,[t-nna],[3FS-say:pf],V
611.0,aHttab,jas,[i-a-s],[to-dat-3S],
612.0,aHttab,ʁunskk,[ʁunskk],[how],
613.0,aHttab,ann,[a-nn],[DemDet-Deic:that],
614.0,aHttab,ag,[ad],[AD:Comp],
615.0,aHttab,gis,[gi-s],[loc:3MS],
616.0,aHttab,illan,[i-lla-n],[3MS-be-n:partic],V
617.0,aHttab,tgawr,[t-gawr],[3FS-stay:pf],V
618.0,aHttab,ar,[ar],[AR],
619.0,aHttab,ja,[ja],[one],
620.0,aHttab,w,[w],[n],
621.0,aHttab,wass,[w-ass],[SMCS-day],N
622.0,aHttab,lli,[lli],[RelPro],
623.0,aHttab,diss,[di-ss],[with-3S],
624.0,aHttab,tskr,[t-skr],[3FS-do:pf],V
625.0,aHttab,add,[ad],[AD:Comp],
626.0,aHttab,jaʃk,[i-aʃk],[3MS-come in:ao],V
627.0,aHttab,a,[ad],[AD:Comp],
628.0,aHttab,jʃʃ,[i-ʃʃ],[3MS-eat:pf],V
629.0,aHttab,ul,[ul],[heart],N
630.0,aHttab,n,[n],[of],
631.0,aHttab,u!gdid,[u-!gdid],[SMCS-bird],N
632.0,aHttab,lli,[lli],[RelPro],
633.0,aHttab,tʁrs,[t-ʁrs],[3FS-immolatel:pf],V
634.0,aHttab,as,[ta-s],[dat-3S],
635.0,aHttab,tgit,[t-gi-t],[2MS-be:pf-2MS],V
636.0,aHttab,ʁ,[ʁ],[in],
637.0,aHttab,!ttaʒin,[!ttaʒin],[the tajine],N
638.0,,New_Sentence,New_Sentence,New_Sentence,
639.0,aHttab,tnna,[t-nna],[3FS-say:pf],V
640.0,aHttab,itwajja,[i-twajja],[dat-slave],N
641.0,aHttab,gabl,[gabl],[take care:Imper:2MS],V
642.0,aHttab,t,[t],[Obj:3S],
643.0,aHttab,hann,[hann],[presentative],
644.0,aHttab,ħtta,[ħtta],[even if],
645.0,aHttab,jan,[jan],[someone],
646.0,aHttab,a,[ad],[AD:Comp],
647.0,aHttab,fllas,[flla-s],[on-3MS],
648.0,aHttab,ur,[ur],[neg],
649.0,aHttab,jall,[i-all],[3MS-take off:pf],V
650.0,aHttab,tasrgwlt,[ta-srgwl-t],[FFSS-lid],N
651.0,aHttab,New_Sentence,New_Sentence,New_Sentence,
652.0,aHttab,ttazzanin,[tt-azzan-in],[PMFS-child,N
653.0,aHttab,kʃmnd,[kʃm-n-d],[come in:ao-3PM-deic],V
654.0,aHttab,ʁ,[ʁ],[from],
655.0,aHttab,tmzgida,[t-mzgid-a],[FSCS-mosque],N
656.0,aHttab,skrn,[skr-n],[do:pf-3PM],V
657.0,aHttab,dirikt,[dirikt],[directly],
658.0,aHttab,s,[s],[to],
659.0,aHttab,lbit,[l-bit],[the room],N
660.0,aHttab,tssnt,[t-ssn-t],[2MS-know:ao],V
661.0,aHttab,ddrari,[ddrari],[children],N
662.0,aHttab,iʁd,[iʁd],[if],
663.0,aHttab,uʃkan,[uʃka-n],[come in:pf-3PM],V
664.0,aHttab,ʁ,[ʁ],[from],
665.0,aHttab,tmzgida,[t-mzgid-a],[FSCS-mosque],N
666.0,aHttab,is,[is],[Interro],
667.0,aHttab,a,[ad],[AD:Comp],
668.0,aHttab,tn,[tn],[Obj:3MP],
669.0,aHttab,inqqa,[i-nqqa],[3MS-kill:ao],V
670.0,aHttab,!laz,[!laz],[hunger],N
671.0,,New_Sentence,New_Sentence,New_Sentence,
672.0,aHttab,ssʁafln,[ss-ʁafl-n],[caus-take over-3PM],V
673.0,aHttab,tawajja,[tawajja],[slave],N
674.0,aHttab,jall,[i-all],[3MS-take off:pf],
675.0,aHttab,jan,[ja-n],[one:M],
676.0,aHttab,gisn,[gi-s-n],[loc:3PM],
677.0,aHttab,f,[f],[for],
678.0,aHttab,tsrgwlt,[t-srgwl-t],[FSCS-lid],V
679.0,aHttab,janni,[i-anni],[3MS-see:pf],V
680.0,aHttab,ul,[ul],[heart],N
681.0,aHttab,iʁwlid,[i-ʁwli-d],[3MS-go up:pf-deic],V
682.0,aHttab,ʁikad,[ʁikad],[like this],
683.0,aHttab,f,[f],[for],
684.0,aHttab,tfijji,[t-fijji],[CS-meal],N
685.0,aHttab,izbit,[i-zbi-t],[3MS-take hastily-t],
686.0,aHttab,iluħ,[i-luħ],[3MS-throw:pf],V
687.0,aHttab,tinn,[t-inn],[Obj:3S-deic],
688.0,aHttab,ʁ,[ʁ],[in],
689.0,aHttab,imi,[imi],[mouth],N
690.0,aHttab,ns,[n-s],[PossDet:3S],
691.0,aHttab,iʃʃ,[i-ʃʃ],[3MS-eat:ao],V
692.0,aHttab,t,[t],[Obj:3S],
693.0,aHttab,New_Sentence,New_Sentence,New_Sentence,
694.0,aHttab,lliʁd,[lliʁd],[when],
695.0,aHttab,juʃka,[i-uʃka],[3MS-uʃka],V
696.0,aHttab,udaj,[udaj],[jewish],N
697.0,aHttab,srsnd,[srs-n-d],[put:pf-3MS-deic],V
698.0,aHttab,!ttaʒin,[!ttaʒin],[the tajine],N
699.0,aHttab,attʃʃin,[a-tt-ʃʃ-in],[ad-3PM-eat:ao],V
700.0,aHttab,ar,[ar],[AR],
701.0,aHttab,ittlli,[i-tt-lli],[3MS-tt-look for:Impf],V
702.0,aHttab,udaj,[udaj],[jewish],N
703.0,aHttab,s,[s],[to],
704.0,aHttab,wul,[wul],[the heart],N
705.0,aHttab,n,[n],[of],
706.0,aHttab,u!gdid,[u-!gdid],[SMCS-bird],N
707.0,aHttab,lli,[lli],[RelPro],
708.0,aHttab,jiliħ,[i-i-liħ],[3MS-be missing:ao],V
709.0,aHttab,as,[a-s],[dat-3PM],
710.0,aHttab,t,[t],[Obj:3FS],
711.0,,New_Sentence,New_Sentence,New_Sentence,
712.0,aHttab,isawl,[i-sawl],[3MS-talk:pf],V
713.0,aHttab,s,[s],[to],
714.0,aHttab,tmʁart,[t-mʁar-t],[FSCS-woman],N
715.0,aHttab,lli,[lli],[RelPro],
716.0,aHttab,jini,[i-ini],[3MS-say:ao],V
717.0,aHttab,jas,[i-a-s],[to-dat-3S],
718.0,aHttab,a,[a],[voc],
719.0,aHttab,bnti,[bnti],[my daughter],N
720.0,aHttab,lʁwdrt,[l-ʁwdr-t],[traitorous],N
721.0,aHttab,a,[ad],[AD:Comp],
722.0,aHttab,ja,[ja],[DemDet:this],
723.0,,New_Sentence,New_Sentence,New_Sentence,
724.0,aHttab,tnna,[t-nna],[3FS-say:pf],V
725.0,aHttab,jas,[i-a-s],[to-dat-3S],
726.0,aHttab,manik,[manik],[where],
727.0,aHttab,ina,[i-na],[3MS-say:pf],V
728.0,aHttab,jas,[i-a-s],[to-dat-3S],
729.0,aHttab,!ttir,[!ttir],[a bird],N
730.0,aHttab,ad,[ad],[AD:Comp],
731.0,aHttab,laħ,[laħ],[laħ],
732.0,aHttab,gis,[gi-s],[loc:3MS],
733.0,aHttab,kra,[kra],[some],
734.0,aHttab,tʁr,[t-ʁr],[3FS-call:pf],V
735.0,aHttab,tmʁart,[t-mʁar-t],[FSCS-woman],N
736.0,aHttab,lli,[lli],[RelPro],
737.0,aHttab,i,[i],[to],
738.0,aHttab,twajja,[twajja],[slave],N
739.0,aHttab,ns,[n-s],[of-3S],
740.0,aHttab,tini,[t-ini],[2FS-say:pf],V
741.0,aHttab,jas,[i-a-s],[to-dat-3S],
742.0,aHttab,a,[a],[voc],
743.0,aHttab,bnti,[bnti],[my daughter],N
744.0,aHttab,ma,[ma],[what],
745.0,aHttab,jusin,[i-usi-n],[3MS-take away-n:partic],V
746.0,aHttab,kra,[kra],[some],
747.0,aHttab,ʁ,[ʁ],[from],
748.0,aHttab,!ttir,[!ttir],[a bird],N
749.0,aHttab,a,[a-d],[DemDet-deic:this],
750.0,aHttab,izd,[izd],[Interro],
751.0,aHttab,kmmi,[kmmi],[2FS],
752.0,,New_Sentence,New_Sentence,New_Sentence,
753.0,aHttab,tnna,[t-nna],[3FS-say:pf],V
754.0,aHttab,jas,[i-a-s],[to-dat-3S],
755.0,aHttab,uhu,[uhu],[no],
756.0,aHttab,imkn,[imkn],[perhaps],
757.0,aHttab,izd,[izd],[Interro],
758.0,aHttab,kra,[kra],[some],
759.0,aHttab,ʁ,[to],[ʁ],
760.0,aHttab,tazzanin,[t-azzan-in],[PMFS-children],N
761.0,aHttab,lliʁd,[lliʁd],[when],
762.0,aHttab,urrin,[urri-n],[return:pf-3PM],V
763.0,aHttab,ʁ,[ʁ],[from],
764.0,aHttab,tmzgida,[t-mzgid-a],[FSCS-mosque],N
765.0,,New_Sentence,New_Sentence,New_Sentence,
766.0,aHttab,t!amztn,[t-!amz-t-n],[2FS-hold:ao-deic],V
767.0,aHttab,tmʁart,[t-mʁar-t],[FSCS-woman],N
768.0,aHttab,ar,[ar],[AR],
769.0,aHttab,tn,[tn],[Obj:3PM],
770.0,aHttab,tkkat,[t-kkat],[3FS-beat:Impf],
771.0,aHttab,wanna,[wanna],[the one who],
772.0,aHttab,mu,[mu],[for whom],
773.0,aHttab,tnna,[t-nna],[3FS-say:pf],V
774.0,aHttab,izd,[izd],[Interro],
775.0,aHttab,kijji,[kijji],[you:MS],
776.0,aHttab,inna,[i-nna],[3MS-say:pf],V
777.0,aHttab,jas,[i-a-s],[to-dat-3S],
778.0,aHttab,uhu,[uhu],[no],
779.0,aHttab,ʃkkun,[ʃkku-n],[doubt:pf-3PM],V
780.0,aHttab,ʁ,[ʁ],[in],
781.0,aHttab,ddrari,[ddrari],[children],N
782.0,aHttab,lli,[lli],[RelPro],
783.0,aHttab,kullutn,[kullu-tn],[kullu-tn],
784.0,aHttab,isawld,[i-sawl-d],[3MS-speek:pf-deic],V
785.0,aHttab,udaj,[udaj],[jewish],N
786.0,aHttab,inna,[i-nna],[3MS-say:pf],V
787.0,aHttab,jas,[i-a-s],[to-dat-3S],
788.0,aHttab,add,[ad],[AD:Comp],
789.0,aHttab,tasit,[t-asi-t],[2S-take away:ao-2S],V
790.0,aHttab,tazzanin,[t-azzan-in],[PMFS-children],N
791.0,aHttab,nna,[nna],[RelPro],
792.0,aHttab,ʁilad,[ʁilad],[deic],
793.0,aHttab,a,[ad],[AD:Comp],
794.0,aHttab,jasn,[i-a-sn],[to-dat-3-PM],
795.0,aHttab,tʁrst,[t-ʁrs-t],[3FS-immolatel:pf],V
796.0,aHttab,tawit,[t-awi-t],[2S-bring:ao],V
797.0,aHttab,i,[i],[to],
798.0,aHttab,jjid,[iji-d],[dat-1S-deic],
799.0,aHttab,tagwmmimt,[ta-gwmmim-t],[FFSS-a drop of blood],N
800.0,aHttab,n,[n],[of],
801.0,aHttab,idammn,[idammn],[blood],N
802.0,aHttab,n,[n],[of],
803.0,aHttab,jan,[ja-n],[one:M],
804.0,aHttab,gisn,[gi-s-n],[loc:3PM],
805.0,aHttab,astt,[as-tt],[as-tt],
806.0,aHttab,suʁ,[su-ʁ],[drink:ao-1S],V
807.0,aHttab,nkki,[nkki],[1S:me],
808.0,aHttab,New_Sentence,New_Sentence,New_Sentence,
809.0,aHttab,tamʁart,[ta-mʁar-t],[FSCS-woman],N
810.0,aHttab,ur,[ur],[neg],
811.0,aHttab,tzdar,[t-zdar],[3FS-come down:ao],V
812.0,aHttab,at,[ad],[AD:Comp],
813.0,aHttab,tʁrs,[t-ʁrs],[3FS-immolatel:pf],V
814.0,aHttab,i,[i],[to],
815.0,aHttab,tarwa,[tarwa],[children],N
816.0,aHttab,ns,[n-s],[of-3S],
817.0,,New_Sentence,New_Sentence,New_Sentence,
818.0,aHttab,tnna,[t-nna],[3FS-say:pf],V
819.0,aHttab,i,[i],[to],
820.0,aHttab,twajja,[twajja],[slave],N
821.0,aHttab,zajd,[zajd],[2S:move:ao],N
822.0,aHttab,awi,[awi],[bring:2S],V
823.0,aHttab,ddrari,[ddrari],[children],N
824.0,aHttab,jad,[jad],[jad],
825.0,aHttab,ar,[ar],[AR],
826.0,aHttab,lʁaba,[l-ʁaba],[a forest],N
827.0,aHttab,tʁrstasn,[t-ʁrs-t-as-n],[3FS-immolatel:pf-dat-3PM],V
828.0,aHttab,gis,[gi-s],[loc:3MS],
829.0,aHttab,tawit,[t-awi-d],[2S-bring:ao],V
830.0,aHttab,i,[i],[to],
831.0,aHttab,jjid,[iji-d],[dat-1S-deic],
832.0,aHttab,tagwmmimt,[ta-gwmmim-t],[FFSS-a drop of blood],N
833.0,aHttab,n,[n],[of],
834.0,aHttab,idammn,[idammn],[blood],N
835.0,aHttab,n,[n],[of],
836.0,aHttab,jan,[ja-n],[one:M],
837.0,aHttab,gisn,[gi-s-n],[loc:3PM],
838.0,,New_Sentence,New_Sentence,New_Sentence,
839.0,aHttab,tnna,[t-nna],[3FS-say:pf],V
840.0,aHttab,jas,[i-a-s],[to-dat-3S],
841.0,aHttab,waχχa,[waχχa],[even if],
842.0,aHttab,New_Sentence,New_Sentence,New_Sentence,
843.0,aHttab,tawajja,[tawajja],[slave],N
844.0,aHttab,fiʕlan,[fiʕlan],[Actually],
845.0,aHttab,ʁajlli,[ʁ-aj-lli],[DemPro:this-RelPro],
846.0,aHttab,s,[s],[s],
847.0,aHttab,as,[a-s],[dat:3MS],
848.0,aHttab,tnna,[t-nna],[3FS-say:pf],V
849.0,aHttab,lallas,[lalla-s],[lady-poss:3S],N
850.0,aHttab,tskrt,[t-skr-t],[2MS-do:pf],V
851.0,,New_Sentence,New_Sentence,New_Sentence,
852.0,aHttab,tiwi,[t-iwi],[3FS-bring:pf],V
853.0,aHttab,ddrari,[ddrari],[children],N
854.0,aHttab,lli,[lli],[RelPro],
855.0,aHttab,ajlliʁ,[ajlliʁ],[until],
856.0,aHttab,lkmn,[lkm-n],[3PM:arrive:pf],V
857.0,aHttab,ja,[ja],[one:F],
858.0,aHttab,ttagant,[t-tagant],[the forest],N
859.0,aHttab,ʁ,[ʁ],[in],
860.0,aHttab,lχla,[l-χla],[the outside],N
861.0,aHttab,tafinn,[t-afi-nn],[3FS-find:pf-deic],V
862.0,aHttab,gis,[gi-s],[loc:3MS],
863.0,aHttab,ja,[ja],[one:F],
864.0,aHttab,ttznkwtt,[t-tznkwtt],[gazelle],N
865.0,aHttab,jutstt,[i-ut-stt],[3MS-hit:pf-stt],V
866.0,aHttab,!rrsas,[!rrsas],[lead:P],N
867.0,aHttab,t!rz,[t-!rz],[3FS-broke:ao],V
868.0,aHttab,ur,[ur],[neg],
869.0,aHttab,sul,[sul],[not yet],
870.0,aHttab,tgi,[t-gi],[2FS-be:pf],V
871.0,aHttab,ma,[ma],[what],
872.0,aHttab,jzzigizn,[i-zzigiz-n],[3MS-pass-n:partic],V
873.0,,New_Sentence,New_Sentence,New_Sentence,
874.0,aHttab,tnna,[t-nna],[3FS-say:pf],V
875.0,aHttab,jtazzanin,[i-t-azzan-in],[dat-pl-child-pl],N
876.0,aHttab,awa,[awa],[so],
877.0,aHttab,a,[ad],[AD:Comp],
878.0,aHttab,jd,[id],[dat-deic],
879.0,aHttab,sidi,[sidi],[my lord],N
880.0,aHttab,nkki,[nkki],[1S:me],
881.0,aHttab,ʁila,[ʁila],[deic],
882.0,aHttab,bbwa,[bbwa],[father],N
883.0,aHttab,tun,[tun],[Poss2P:your],
884.0,aHttab,iflkwn,[i-fl-kw-n],[3MS-leave:pf-2PM],V
885.0,aHttab,ngr,[ngr],[between],
886.0,aHttab,ifassn,[i-fass-n],[PMFS-hand],N
887.0,aHttab,inu,[in-u],[PossDet:1S] ,
888.0,aHttab,ur,[ur],[neg],
889.0,aHttab,!zdarʁ,[!zdar-ʁ],[go down:ao-1S],V
890.0,aHttab,ad,[ad],[AD:Comp],
891.0,aHttab,assiʁ,[assi-ʁ],[taje away:ao-1S],V
892.0,aHttab,!rroħ,[!rroħ],[spirit],N
893.0,aHttab,nnun,[nnu-n],[poss:2PM],
894.0,aHttab,ʁajlli,[ʁ-aj-lli],[DemPro:this-RelPro],
895.0,aHttab,s,[s],[with],
896.0,aHttab,i,[i],[to],
897.0,aHttab,jji,[iji],[dat:1S],
898.0,aHttab,tnna,[t-nna],[3FS-say:pf],V
899.0,aHttab,innatun,[inna-tun],[mother-of-you:2P],N
900.0,aHttab,ur,[ur],[neg],
901.0,aHttab,ad,[ad],[AD:Comp],
902.0,aHttab,awn,[a-wn],[dat:2MP],
903.0,aHttab,t,[t],[Obj:3S],
904.0,aHttab,skrʁ,[skr-ʁ],[do:ao-1S],V
905.0,aHttab,gllbn,[gllb-n],[gllb-n],
906.0,aHttab,gis,[gi-s],[loc:3MS],
907.0,aHttab,ddrari,[ddrari],[children],N
908.0,aHttab,lli,[lli],[RelPro],
909.0,aHttab,nnan,[nna-n],[say:pf-3PM],V
910.0,aHttab,as,[a-s],[dat-3S],
911.0,aHttab,mas,[ma-s],[what-with],
912.0,aHttab,am,[a-m],[dat-2FS],
913.0,aHttab,tnna,[t-nna],[3FS-say:pf],V
914.0,aHttab,matnʁ,[mat-n-ʁ],[mother-of-us],N
915.0,,New_Sentence,New_Sentence,New_Sentence,
916.0,aHttab,tnna,[t-nna],[3FS-say:pf],V
917.0,aHttab,jasn,[i-a-sn],[to-dat-3-PM],
918.0,aHttab,matun,[ma-tun],[mother-of you],N
919.0,aHttab,tnna,[t-nna],[3FS-say:pf],V
920.0,aHttab,jji,[iji],[dat:1S],
921.0,aHttab,ʁrsnn,[ʁrs-nn],[immolate:pf-3PM],
922.0,aHttab,i,[i],[to],
923.0,aHttab,tazzanin,[t-azzan-in],[PMFS-children],N
924.0,aHttab,tawit,[t-awi-t],[2S-bring:ao],V
925.0,aHttab,i,[i],[to],
926.0,aHttab,jjid,[iji-d],[dat-1S-deic],
927.0,aHttab,gisn,[gi-s-n],[loc:3PM],
928.0,aHttab,tagwmmimt,[ta-gwmmim-t],[FFSS-a drop of blood],N
929.0,aHttab,n,[n],[of],
930.0,aHttab,idammn,[idammn],[blood],N
931.0,,New_Sentence,New_Sentence,New_Sentence,
932.0,aHttab,nnan,[nna-n],[say:pf-3PM],V
933.0,aHttab,as,[a-s],[dat-3S],
934.0,aHttab,ʁrsaʁ,[ʁrsa-ʁ],[immolate:ao-1MS],
935.0,,New_Sentence,New_Sentence,New_Sentence,
936.0,aHttab,tnna,[t-nna],[3FS-say:pf],V
937.0,aHttab,jasn,[i-a-sn],[to-dat-3-PM],
938.0,aHttab,uhu,[uhu],[no],
939.0,aHttab,nkki,[nkki],[1S:me],
940.0,aHttab,ʁila,[ʁila],[deic],
941.0,aHttab,!lla,[!lla],[Allah],N
942.0,aHttab,jhnni,[i-hnni],[3MS-live in peace:aon],V
943.0,aHttab,kwn,[kwn],[Obj:2MP],
944.0,aHttab,ha,[ha],[here is],
945.0,aHttab,taznkwtt,[taznkwtt],[gazelle],N
946.0,aHttab,a,[ad],[AD:Comp],
947.0,aHttab,ra,[ra],[ra],
948.0,aHttab,jas,[i-a-s],[to-dat-3S],
949.0,aHttab,nʁrs,[n-ʁrs],[1P-ʁrs],
950.0,aHttab,rag,[rad],[rad],
951.0,aHttab,gis,[gi-s],[loc:3MS],
952.0,aHttab,asiʁ,[asi-ʁ],[take away:ao-1S],V
953.0,aHttab,snat,[snat],[two:F],
954.0,aHttab,tgwmmimin,[t-gwmmim-in],[PFCS-a drop of blood],N
955.0,aHttab,n,[n],[of],
956.0,aHttab,idammn,[idammn],[blood],N
957.0,,New_Sentence,New_Sentence,New_Sentence,
958.0,aHttab,tasid,[t-asi-d],[3FS-take away:pf-deic],V
959.0,aHttab,twajja,[twajja],[slave],N
960.0,aHttab,taznkwtt,[taznkwtt],[gazelle],N
961.0,aHttab,tʁrs,[t-ʁrs],[3FS-immolatel:pf],V
962.0,aHttab,as,[a-s],[dat-3S],
963.0,aHttab,tktur,[t-ktur],[t-ktur],
964.0,aHttab,gis,[gi-s],[loc:3MS],
965.0,aHttab,snat,[snat],[two:F],
966.0,aHttab,tgwmmimin,[t-gwmmim-in],[PFCS-a drop of blood],N
967.0,aHttab,n,[n],[of],
968.0,aHttab,idammn,[idammn],[blood],N
969.0,aHttab,turrid,[t-urri-d],[3FS-return:pf-deic],V
970.0,aHttab,ddrari,[ddrari],[children],N
971.0,aHttab,lli,[lli],[RelPro],
972.0,aHttab,zzigzn,[zzigz-n],[walk:ao-3PM],V
973.0,aHttab,f,[f],[on],
974.0,aHttab,!idarn,[i-!dar-n],[PMFS-foot],N
975.0,aHttab,nsn,[n-sn],[of-them],
976.0,aHttab,lkmn,[lkm-n],[3PM:arrive:pf],V
977.0,aHttab,jat,[jat],[one:F],
978.0,aHttab,lmdint,[l-mdint],[the mark],N
979.0,aHttab,bqqan,[bqqa-n],[stay:pf-3PM],V
980.0,aHttab,gis,[gi-s],[loc:3MS],
981.0,aHttab,ajlliʁ,[ajlliʁ],[until],
982.0,aHttab,mqqorn,[mqqorn],[3PM:grow:pf],V
983.0,aHttab,ig,[i-g],[3MS-be:ao],V
984.0,aHttab,jan,[jan],[one:M],
985.0,aHttab,gisn,[gi-s-n],[loc:3PM],
986.0,aHttab,lqqajd,[l-qqajd],[the mayor],N
987.0,aHttab,n,[n],[of],
988.0,aHttab,ugllid,[u-gllid],[SMCS-the king],N
989.0,aHttab,ig,[i-g],[3MS-be:ao],V
990.0,aHttab,wi,[wi],[poss],
991.0,aHttab,ssin,[ssin],[both],
992.0,aHttab,l!qqadi,[l-!qqadi],[the-judge],N
993.0,aHttab,ns,[n-s],[of-3S],
994.0,aHttab,art,[art],[ard],
995.0,aHttab,tħkamn,[t-ħkam-n],[they judge:ao-3PM],
996.0,aHttab,s,[s],[with],
997.0,aHttab,!ʃʃraʕ,[!ʃʃraʕ],"[Law, justice]",N
998.0,aHttab,brrʕn,[brrʕ-n],[delight:pf-3PM],V
999.0,aHttab,ha,[ha],[here is],
1000.0,aHttab,tiwizi,[tiwizi],[mutual aid],N
1001.0,aHttab,ha,[ha],[here is],
1002.0,aHttab,lhdijat,[l-hdija-t],[the gifts],N
1003.0,aHttab,ha,[ha],[here is],
1004.0,aHttab,trtib,[trtib],[taxes],N
1005.0,aHttab,ha,[ha],[here is],
1006.0,aHttab,lqqsbt,[l-qqsb-t],[the-casbah-P],N
1007.0,aHttab,ha,[ha],[here is],
1008.0,aHttab,jsmgan,[i-smg-an],[j-smg-an],
1009.0,aHttab,ha,[ha],[here is],
1010.0,aHttab,lmal,[l-mal],[money],N
1011.0,,New_Sentence,New_Sentence,New_Sentence,
1012.0,aHttab,tawajja,[tawajja],[slave],N
1013.0,aHttab,turrid,[t-urri-d],[3FS-return:pf-deic],V
1014.0,aHttab,tfk,[t-fk],[3FS-give:pf],V
1015.0,aHttab,idammn,[idammn],[blood],N
1016.0,aHttab,i,[i],[to],
1017.0,aHttab,wudaj,[wudaj],[SMCS-jewish],N
1018.0,aHttab,isu,[i-su],[3MS-drink:pf],V
1019.0,aHttab,tn,[tn],[Obj:3PM],
1020.0,aHttab,ur,[ur],[neg],
1021.0,aHttab,as,[a-s],[dat:3MS],
1022.0,aHttab,gin,[gi-n],[do:ao-3PM],V
1023.0,aHttab,ʁiklli,[ʁiklli],[a-s],
1024.0,aHttab,ira,[i-ra],[2MS-drink:ao],V
1025.0,aHttab,ibqqad,[i-bqqa-d],[3MS-stay:pf-deic],V
1026.0,aHttab,ntta,[ntta],[him],
1027.0,aHttab,ttmʁart,[d t-mʁar-t],[and FSCS-woman],N
1028.0,aHttab,ʁ,[ʁ],[at],
1029.0,aHttab,tgmmi,[t-gmmi],[FSCS-house],N
1030.0,aHttab,lli,[lli],[RelPro],
1031.0,aHttab,sin,[sin],[two],
1032.0,aHttab,ittsn,[itt-sn],[itt-sn],
1033.0,aHttab,ttwajja,[ttwajja],[slave],N
1034.0,aHttab,ssijjid,[ssijjid],[the man],N
1035.0,aHttab,ilkmd,[i-lkm-d],[3MS-arrive:pf-deic],V
1036.0,aHttab,ʁ,[ʁ],[from],
1037.0,aHttab,lħiʒʒ,[l-ħiʒʒ],[pilgrimage],N
1038.0,aHttab,aʃku,[aʃku],[because],
1039.0,aHttab,art,[art],[ard],
1040.0,aHttab,tddun,[t-ddu-n],[3PM-walk:ao],V
1041.0,aHttab,aʁar,[aʁar],[just],
1042.0,aHttab,s,[s],[to],
1043.0,aHttab,u!dar,[u-!dar],[SMCS-foot],N
1044.0,aHttab,ar,[ar],[AR],
1045.0,aHttab,!ttmataln,[!tt-matal-n],[be late:pf-3PM],V
1046.0,aHttab,lliʁd,[lliʁd],[until],
1047.0,aHttab,ilkm,[i-lkm],[3MS-arrive:pf],V
1048.0,aHttab,ʁ,[ʁ],[from],
1049.0,aHttab,lħiʒʒ,[l-ħiʒʒ],[pilgrimage],N
1050.0,aHttab,iskr,[i-skr],[3MS-do:pf],V
1051.0,aHttab,tigmmi,[ti-gmmi],[FFSS-house],N
1052.0,aHttab,isduqqr,[i-sduqqr],[3MS-knock on the door:pf],V
1053.0,aHttab,taggurt,[taggurt],[the door],N
1054.0,aHttab,taggwd,[t-aggwd],[3FS-fear:pf],V
1055.0,aHttab,tmʁart,[t-mʁar-t],[FSCS-woman],N
1056.0,,New_Sentence,New_Sentence,New_Sentence,
1057.0,aHttab,tnna,[t-nna],[3FS-say:pf],V
1058.0,aHttab,jas,[i-a-s],[to-dat-3S],
1059.0,aHttab,mat,[ma-d],[what],
1060.0,aHttab,trit,[t-ri-t],[2MS-want:ao],V
1061.0,,New_Sentence,New_Sentence,New_Sentence,
1062.0,aHttab,inna,[i-nna],[3MS-say:pf],V
1063.0,aHttab,jas,[i-a-s],[to-dat-3S],
1064.0,aHttab,wah,[wah],[wah],
1065.0,aHttab,ma,[ma],[what],
1066.0,aHttab,jgan,[i-ga-n],[3MS-be:pf-partic],V
1067.0,aHttab,mad,[mad],[what],
1068.0,aHttab,riʁ,[ri-ʁ],[want:ao-1S],V
1069.0,aHttab,hati,[hati],[presentative],
1070.0,aHttab,tigmminu,[ti-gmmi-nu],[FFSS-house-poss:1S],N
1071.0,aHttab,a,[ad],[AD:Comp],
1072.0,aHttab,ja,[ja],[Dem:this],
1073.0,,New_Sentence,New_Sentence,New_Sentence,
1074.0,aHttab,tnna,[t-nna],[3FS-say:pf],V
1075.0,aHttab,jas,[i-a-s],[to-dat-3S],
1076.0,aHttab,ħorma,[ħorma],[ħorma],
1077.0,aHttab,!rrbbi,[!rrbbi],[God],N
1078.0,aHttab,ʁak,[ʁ-a-k],[ʁ-a-k],
1079.0,aHttab,lliʁ,[lliʁ],[RelPro],
1080.0,aHttab,at,[ad],[AD:Comp],
1081.0,aHttab,tʃʃ,[t-ʃʃ],[3FS-eat:aoj],V
1082.0,aHttab,t,[t],[Obj:3S],
1083.0,aHttab,iχf,[iχf],[head],N
1084.0,aHttab,nk,[n-k],[PossDet:2MS],
1085.0,aHttab,ukan,[ukan],[just],
1086.0,aHttab,imma,[imma],[whereas],
1087.0,aHttab,tigmmi,[ti-gmmi],[FFSS-house],N
1088.0,aHttab,ur,[ur],[neg],
1089.0,aHttab,tgi,[t-gi],[2FS-be:pf],V
1090.0,aHttab,ti,[ti],[poss:2],
1091.0,aHttab,nk,[n-k],[PossDet:2MS],
1092.0,aHttab,sir,[sir],[sir],
1093.0,aHttab,maniʁ,[maniʁ],[where],
1094.0,aHttab,at,[ad],[AD:Comp],
1095.0,aHttab,tnqqart,[t-nqqar-t],[2S-knock:Impf],V
1096.0,aHttab,izd,[izd],[Interro],
1097.0,aHttab,wan,[wan],[that one],
1098.0,aHttab,lmarka,[l-marka],[the mark],N
1099.0,aHttab,nk,[n-k],[of-2MS],
1100.0,aHttab,a,[ad],[AD:Comp],
1101.0,aHttab,rad,[rad],[RAD:Fut],
1102.0,aHttab,ttihlʁ,[ttihl-ʁ],[marry:pf-1S],V
1103.0,aHttab,nkki,[nkki],[1S:me],
1104.0,aHttab,argaz,[a-rgaz],[MFSS-man],N
1105.0,aHttab,inu,[in-u],[PossDet:1S],
1106.0,aHttab,!ttafʁ,[!ttaf-ʁ],[win:ao-1S],V
1107.0,aHttab,t,[t],[Obj:3S],
1108.0,aHttab,New_Sentence,New_Sentence,New_Sentence,
1109.0,aHttab,jaʃkd,[i-aʃk-d],[3MS-come in:ao-deic],V
1110.0,aHttab,udaj,[udaj],[jewish],N
1111.0,aHttab,ibrrħ,[i-brrħ],[3MS-show:pf],V
1112.0,aHttab,fllas,[flla-s],[on-3MS],
1113.0,aHttab,!ʃʃraʕ,[!ʃʃraʕ],"[Law, justice]",N
1114.0,aHttab,n,[n],[of],
1115.0,aHttab,!rbbi,[!rbbi],[God],N
1116.0,,New_Sentence,New_Sentence,New_Sentence,
1117.0,aHttab,inna,[i-nna],[3MS-say:pf],V
1118.0,aHttab,jas,[i-a-s],[to-dat-3S],
1119.0,aHttab,fijji,[f-i-jji],[give-dat-1S],V
1120.0,aHttab,s,[s],[with],
1121.0,aHttab,ttasiʕ,[ttasiʕ],[space],N
1122.0,aHttab,dar,[dar],[to],
1123.0,aHttab,tarwanw,[tarwa-nw],[children-poss:1S],N
1124.0,aHttab,!msiridn,[!msirid-n],[present oneself:pf-3PM],V
1125.0,aHttab,s,[s],[with],
1126.0,aHttab,dar,[dar],[to],
1127.0,aHttab,jal,[jal],[one:M],
1128.0,aHttab,l!qqadi,[l-!qqadi],[the-judge],N
1129.0,,New_Sentence,New_Sentence,New_Sentence,
1130.0,aHttab,l!qqadi,[l-!qqadi],[the-judge],N
1131.0,aHttab,ar,[ar],[AR],
1132.0,aHttab,ittʃkkal,[i-tt-ʃkkal],[3MS-tt-ʃkkal],V
1133.0,aHttab,ʁ,[ʁ],[at],
1134.0,aHttab,lawamir,[l-awamir],[order:P],N
1135.0,aHttab,nsn,[n-sn],[of-them],
1136.0,aHttab,ajlliʁ,[ajlliʁ],[until],
1137.0,aHttab,tninn,[tn-inn],[tn-inn],
1138.0,aHttab,jufa,[i-ufa],[3MS-find:pf],V
1139.0,aHttab,mʃakkaln,[mʃakkal-n],[get in trouble:pf-3PM],V
1140.0,aHttab,as,[a-s],[dat-3S],
1141.0,aHttab,ur,[ur],[neg],
1142.0,aHttab,tn,[tn],[Obj-3MP],
1143.0,aHttab,i!fasil,[i-!fasil],[3MS-settle:pf],V
1144.0,aHttab,ddun,[ddu-n],[go:ao-3PM],V
1145.0,aHttab,dar,[dar],[to],
1146.0,aHttab,wajjad,[wajjad],[the other],
1147.0,aHttab,ur,[ur],[neg],
1148.0,aHttab,tn,[tn],[Obj:3MP],
1149.0,aHttab,i!fasil,[i-!fasil],[3MS-settle:pf],V
1150.0,aHttab,nkrn,[nkr-n],[stand up:pf-3PM],V
1151.0,aHttab,ar,[ar],[AR],
1152.0,aHttab,asn,[as-n],[as-n],
1153.0,aHttab,ttuwbdir,[tt-uwbdir],[tt-uwbdir],
1154.0,aHttab,lmdintann,[l-mdint],[the town],N
1155.0,aHttab,ann,[a-nn],[DemDet-Deic:that],
1156.0,aHttab,lliʁ,[lliʁ],[RelPro],
1157.0,aHttab,llan,[lla-n],[be:pf-3PM],V
1158.0,aHttab,tarwa,[tarwa],[children],N
1159.0,aHttab,lħaʒʒ,[l-ħaʒʒ],[pilgrim],N
1160.0,aHttab,nnanasn,[nna-n-as-n],[say:pf-3PM-dat:3PM],V
1161.0,aHttab,hann,[hann],[presentative],
1162.0,aHttab,lqqajd,[l-qqajd],[the mayor],N
1163.0,aHttab,l,[l],[l],
1164.0,aHttab,lmakan,[l-makan],[the place],N
1165.0,aHttab,iflani,[iflani],[unknown],N
1166.0,aHttab,nttan,[nttan],[nttan],
1167.0,aHttab,d,[d],[and],
1168.0,aHttab,l!qqadi,[l-!qqadi],[the-judge],N
1169.0,aHttab,ns,[n-s],[of-3S],
1170.0,aHttab,a,[ad],[AD:Comp],
1171.0,aHttab,jttfrraqn,[i-tt-frraq-n],[3MS-tt-divide-n:partic],V
1172.0,aHttab,mddn,[mddn],[people],N
1173.0,aHttab,s,[s],[with],
1174.0,aHttab,lħaqq,[l-ħaqq],[the law],N
1175.0,,New_Sentence,New_Sentence,New_Sentence,
1176.0,aHttab,inkr,[i-nkr],[3MS-get up:pf],V
1177.0,aHttab,lħaʒ,[l-ħaʒ],[pilgrim],N
1178.0,aHttab,ann,[a-nn],[DemDet-Deic:that],
1179.0,aHttab,mskin,[mskin],[poor],N
1180.0,aHttab,i!srd,[i-!srd],[3MS-swallow:pf],V
1181.0,aHttab,i,[i],[to],
1182.0,aHttab,tmʁart,[t-mʁar-t],[FSCS-woman],N
1183.0,aHttab,d,[d],[and],
1184.0,aHttab,udaj,[udaj],[jewish],N
1185.0,aHttab,ftun,[ftu-n],[go to:ao-3PM],V
1186.0,aHttab,lkmn,[lkm-n],[3PM:arrive:pf],V
1187.0,aHttab,lmdint,[l-mdint],[the town],N
1188.0,aHttab,lli,[lli],[RelPro],
1189.0,aHttab,sqqsan,[sqqsa-n],[ask:pf-3PM],V
1190.0,aHttab,ʁ,[ʁ],[for],
1191.0,aHttab,tgmmi,[t-gmmi],[FSCS-house],N
1192.0,aHttab,lqqajd,[l-qqajd],[the mayor],N
1193.0,aHttab,ajlliʁ,[ajlliʁ],[until],
1194.0,aHttab,tt,[tt],[Obj:3FS],
1195.0,aHttab,ufan,[ufa-n],[find:pf-3PM],V
1196.0,aHttab,afn,[af-n],[find:ao-3PM],V
1197.0,aHttab,nn,[nn],[deic],
1198.0,aHttab,ssrbis,[ssrbis],[waiting line],N
1199.0,aHttab,ʁ,[ʁ],[in],
1200.0,aHttab,dar,[dar],[the house],
1201.0,aHttab,laħkam,[l-aħkam],[the judgements],N
1202.0,aHttab,iffʁd,[i-ffʁ-d],[3MS-go out:pf-deic],V
1203.0,aHttab,iwis,[iwi-s],[son-poss:3S],
1204.0,aHttab,igan,[i-ga-n],[3MS-be-n:partic],V
1205.0,aHttab,l!qqadi,[l-!qqadi],[the-judge],N
1206.0,aHttab,ar,[ar],[AR],
1207.0,aHttab,ittkka,[i-tt-kka],[3MS-tt-pass:pf],V
1208.0,aHttab,f,[f],[for],
1209.0,aHttab,mddn,[mddn],[people],N
1210.0,aHttab,lli,[lli],[RelPro],
1211.0,aHttab,jafnn,[i-af-nn],[3MS-find:pf-deic],V
1212.0,aHttab,bbwa,[bbwa],[father],N
1213.0,aHttab,s,[s],[posse:3S],
1214.0,aHttab,jafnn,[i-af-nn],[3MS-find:pf-deic],V
1215.0,aHttab,innas,[inna-s],[poss-mother-3S],N
1216.0,aHttab,isskʃm,[i-sskʃm],[3MS-caus-come in:pf],V
1217.0,aHttab,tnt,[tnt],[Obj-3PF],
1218.0,aHttab,ʁakudann,[ʁakudann],[then],
1219.0,aHttab,nit,[nit],[really],
1220.0,aHttab,nttni,[nttni],[them],
1221.0,aHttab,a,[ad],[AD:Comp],
1222.0,aHttab,jzwarn,[i-zwar-n],[3MS-be first-n:partic],V
1223.0,aHttab,nttni,[nttni],[nttni],
1224.0,aHttab,ula,[ula],[or],
1225.0,aHttab,wdaj,[wdaj],[jewish],N
1226.0,aHttab,ntta,[ntta],[him],
1227.0,aHttab,jugz,[i-ugz],[3MS-recognize],V
1228.0,aHttab,tn,[tn],[Obj:3PM],
1229.0,aHttab,nttni,[nttni],[them],
1230.0,aHttab,uhu,[uhu],[no],
1231.0,aHttab,ajlliʁ,[ajlliʁ],[until],
1232.0,aHttab,lkmn,[lkm-n],[3PM:arrive:pf],V
1233.0,aHttab,iwittsn,[iwi-tt-sn],[son-tt-poss:2PM],
1234.0,aHttab,ann,[a-nn],[DemDet:Deic:that],
1235.0,aHttab,jadnin,[jadnin],[other],
1236.0,aHttab,lli,[lli],[RelPro],
1237.0,aHttab,igan,[i-ga-n],[3MS-be-n:partic],V
1238.0,aHttab,lqqajd,[l-qqajd],[the mayor],N
1239.0,,New_Sentence,New_Sentence,New_Sentence,
1240.0,aHttab,inna,[i-nna],[3MS-say:pf],V
1241.0,aHttab,j,[j],[j],
1242.0,aHttab,lħaʒʒ,[l-ħaʒʒ],[pilgrim],N
1243.0,aHttab,sawl,[sawl],[speak:ao 2S],V
1244.0,aHttab,inna,[i-nna],[3MS-say:pf],V
1245.0,aHttab,jas,[i-a-s],[to-dat-3S],
1246.0,aHttab,a,[a],[voc],
1247.0,aHttab,sidi,[sidi],[my lord],N
1248.0,aHttab,ttariχ,[ttariχ],[the date],N
1249.0,aHttab,iflani,[iflani],[unknown],N
1250.0,aHttab,ftiʁ,[fti-ʁ],[go to:pf-1S],V
1251.0,aHttab,s,[s],[to],
1252.0,aHttab,lħiʒʒ,[l-ħiʒʒ],[pilgrimage],N
1253.0,aHttab,flʁ,[fl-ʁ],[let:pf-1S],V
1254.0,aHttab,i,[i],[to],
1255.0,aHttab,tmʁart,[t-mʁar-t],[FSCS-woman],N
1256.0,aHttab,ad,[a-d],[DemDet-Deic:this],
1257.0,aHttab,inu,[in-u],[PossDet:1S],
1258.0,aHttab,sin,[sin],[two],
1259.0,aHttab,tazzanin,[t-azzan-in],[PMFS-children],N
1260.0,,New_Sentence,New_Sentence,New_Sentence,
1261.0,aHttab,liʁd,[liʁd],[when],
1262.0,aHttab,urriʁ,[urri-ʁ],[return:pf-1S],V
1263.0,aHttab,ʁ,[ʁ],[from],
1264.0,aHttab,lħiʒʒ,[l-ħiʒʒ],[pilgrimage],N
1265.0,aHttab,iliħ,[i-liħ],[3MS-be missing:pf],V
1266.0,aHttab,i,[i],[to],
1267.0,aHttab,jji,[iji],[dat:1S],
1268.0,aHttab,tarwanw,[tarwa-nw],[children-poss:1S],N
1269.0,aHttab,ftuʁ,[ftu-ʁ],[go to:ao-1S],V
1270.0,aHttab,s,[s],[in],
1271.0,aHttab,tgmminw,[t-gmmi-nw],[FSCS-house-poss:1S],N
1272.0,aHttab,qqnn,[qqnn,[close:pf:3MP],V
1273.0,aHttab,tti,[t-d-i,[Obj:3FS-deic-1S],
1274.0,aHttab,flla,[flla],[above],
1275.0,aHttab,mddn,[mddn],[people],N
1276.0,aHttab,a,[a-d],[DemDet-Deic:this] ,
1277.0,aHttab,tnna,[t-nna],[3FS-say:pf],V
1278.0,aHttab,jji,[iji],[1S:me],
1279.0,aHttab,χta,[χ-ta],[DemPronFS:this one],
1280.0,aHttab,ur,[ur],[neg],
1281.0,aHttab,sul,[sul],[not yet],
1282.0,aHttab,tgit,[t-gi-t],[2MS-be:pf-2MS],V
1283.0,aHttab,argaz,[a-rgaz],[MFSS-husband],N
1284.0,aHttab,inw,[in-w],[PossDet:1S],
1285.0,aHttab,ur,[ur],[neg],
1286.0,aHttab,k,[k],[2MS:you],
1287.0,aHttab,ssnʁ,[ssn-ʁ],[know:pf-1S],V
1288.0,aHttab,inna,[i-nna],[3MS-say:pf],V
1289.0,aHttab,wdaj,[wdaj],[jewish],N
1290.0,aHttab,a,[a-d],[DemDet-Deic:this] ,
1291.0,aHttab,tamʁart,[ta-mʁar-t],[FFSS-wife],N
1292.0,aHttab,inw,[in-w],[PossDet:1S],
1293.0,aHttab,a,[ad],[AD:Comp],
1294.0,aHttab,ja,[ja],[Dem:this],
1295.0,aHttab,nkki,[nkki],[1S:me],
1296.0,aHttab,tamʁart,[ta-mʁar-t],[FSCS-woman],N
1297.0,aHttab,ur,[ur],[neg],
1298.0,aHttab,tt,[tt],[Obj:FS],
1299.0,aHttab,sul,[sul],[not yet],
1300.0,aHttab,riʁ,[ri-ʁ],[want:ao-1S],V
1301.0,aHttab,ar,[ar],[AR],
1302.0,aHttab,gis,[gi-s],[loc:3MS],
1303.0,aHttab,!ddalabʁ,[!ddalab-ʁ],[claim:pf-1S],V
1304.0,aHttab,aʁar,[aʁar],[just],
1305.0,aHttab,tarwanw,[tarwa-nw],[children-poss:1S],N
1306.0,aHttab,mas,[ma-s],[what-with],
1307.0,aHttab,ggwra-n,[ggwra-n],[happen-n:partic],V
1308.0,aHttab,iʁ,[iʁ],[if],
1309.0,aHttab,tn,[tn],[Obj-3MP],
1310.0,aHttab,tnʁa,[t-nʁ-a],[3FS-kill:pf],V
1311.0,aHttab,a,[ad],[AD:Comp],
1312.0,aHttab,jji,[iji],[dat-1S:me],
1313.0,aHttab,t,[t],[Obj:FS],
1314.0,aHttab,i,[i],[to],
1315.0,aHttab,tnna,[t-nna],[3FS-say:pf],V
1316.0,aHttab,iʁ,[iʁ],[if],
1317.0,aHttab,suln,[sul-n],[sul-n],
1318.0,aHttab,a,[ad],[AD:Comp],
1319.0,aHttab,jji,[iji,[dat-1S:me],
1320.0,aHttab,i,[i],[dat],
1321.0,aHttab,t,t],[Obj:3FS],
1322.0,aHttab,tnna,[t-nna],[3FS-say:pf],V
1323.0,,New_Sentence,New_Sentence,New_Sentence,
1324.0,aHttab,sawln,[sawl-n],[speak:pf-3PM],V
1325.0,aHttab,s,[s],[to],
1326.0,aHttab,innattsn,[i-nna-tt-sn],[mother-of-them:3P],N
1327.0,aHttab,nnan,[nna-n],[say:pf-3PM],V
1328.0,aHttab,as,[a-s],[dat-3S],
1329.0,aHttab,ssijjid,[ssijjid],[the man],N
1330.0,aHttab,ad,[ad],[DemDet-Deic:this] ,
1331.0,aHttab,is,[is],[Interro],
1332.0,aHttab,t,[t],[Obj:3MS],
1333.0,aHttab,tssnt,[t-ssn-t],[2MS-know:ao],V
1334.0,,New_Sentence,New_Sentence,New_Sentence,
1335.0,aHttab,tnna,[t-nna],[3FS-say:pf],V
1336.0,aHttab,jasn,[i-a-sn],[to-dat-3-PM],
1337.0,aHttab,ssijjid,[ssijjid],[the man],N
1338.0,aHttab,ad,[ad],[DemDet-Deic:this] ,
1339.0,aHttab,ħorma,[ħorma], [mercy],N
1340.0,aHttab,n,[n],[of],
1341.0,aHttab,!rbbi,[!rbbi],[God],N
1342.0,aHttab,ʁ,[ʁ],[since],
1343.0,aHttab,as,[a-s],[dat:3MS],
1344.0,aHttab,lliʁ,[lliʁ],[RelPro],
1345.0,aHttab,ur,[ur],[neg],
1346.0,aHttab,t,[t],[Obj:3S],
1347.0,aHttab,ssnʁ,[ssn-ʁ],[know:pf-1S],V
1348.0,aHttab,ur,[ur],[neg],
1349.0,aHttab,t,[t],[Obj:3S],
1350.0,aHttab,!zriʁ,[!zri-ʁ],[pass:ao-1Sʁ],V
1351.0,aHttab,nkki,[nkki],[1S:me],
1352.0,aHttab,argaz,[a-rgaz],[MFSS-man],N
1353.0,aHttab,inu,[in-u],[PossDet:1S],
1354.0,aHttab,udaj,[udaj],[jewish],N
1355.0,aHttab,at,[ad],[AD:Comp],
1356.0,aHttab,t,[t],[Obj:3MS],
1357.0,aHttab,igan,[i-ga-n],[3MS-be-n:partic],V
1358.0,,New_Sentence,New_Sentence,New_Sentence,
1359.0,aHttab,lliʁ,[lli-ʁ],[be:pf-1S],V
1360.0,aHttab,ʁ,[ʁ],[at],
1361.0,aHttab,tgmminw,[t-gmmi-nw],[FSCS-house-poss:1S],N
1362.0,aHttab,inqqrnn,[i-nqqr-nn],[3MS-knock on the door],V
1363.0,aHttab,srnʁ,[sr-nʁ],[to-1P],
1364.0,aHttab,ssijjid,[ssijjid],[the man],N
1365.0,aHttab,ad,[ad],[DemDet-Deic:this] ,
1366.0,aHttab,ur,[ur],[neg],
1367.0,aHttab,ssinʁ,[ssin-ʁ],[know:pf-1S],V
1368.0,aHttab,is,[is],[Interro],
1369.0,aHttab,inufl,[i-nufl],[3MS-become crazy],V
1370.0,aHttab,nʁdd,[nʁdd],[or],
1371.0,aHttab,is,[is],[Interro],
1372.0,aHttab,t,[t],[Obj],
1373.0,aHttab,i!sab,[i-!sab],[3MS-be affected:pf],V
1374.0,aHttab,kra,[kra],[some],
1375.0,,New_Sentence,New_Sentence,New_Sentence,
1376.0,aHttab,inna,[i-nna],[3MS-say:pf],V
1377.0,aHttab,jji,[iji],[dat-1S:me],
1378.0,aHttab,ʃrkʁ,[ʃrk-ʁ],[associate:pf-1S],V
1379.0,aHttab,dim,[di-m],[with-2FS],
1380.0,aHttab,tarwa,[tarwa],[children],N
1381.0,aHttab,izd,[izd],[Interro],
1382.0,aHttab,lmarka,[l-marka],[the mark],N
1383.0,aHttab,jad,[jad],[Dem],
1384.0,aHttab,a,[ad],[AD:Comp],
1385.0,aHttab,rad,[rad],[RAD:Fut],
1386.0,aHttab,ttihlʁ,[ttihl-ʁ],[marry:pf-1S],V
1387.0,aHttab,nkki,[nkki],[1S:me],
1388.0,aHttab,bi,[bi],[bi],
1389.0,aHttab,jdrbaln,[i-drbal-n], [used clothings],N
1390.0,aHttab,ad,[ad],[AD:Comp],
1391.0,aHttab,nit,[nit],[really],
1392.0,aHttab,New_Sentence,New_Sentence,New_Sentence,
1393.0,aHttab,fiʕlan,[fiʕlan],[Actually],
1394.0,aHttab,ajlliʁ,[ajlliʁ],[until],
1395.0,aHttab,ssnn,[ssn-n],[know:pf-n],V
1396.0,aHttab,kullu,[kullu],[all],
1397.0,aHttab,l!qqadija,[l-!qqadija],[the problem],N
1398.0,aHttab,manik,[manik],[manik],
1399.0,aHttab,at,[at],[at],
1400.0,aHttab,tga,[t-ga],[3FS-be:pf],V
1401.0,aHttab,is,[is],[Interro],
1402.0,aHttab,innattsn,[inna-tt-sn],[mother-of-them:3P],N
1403.0,aHttab,tʁwdr,[t-ʁwdr],[3FS-betray:pf],V
1404.0,aHttab,ʁ,[ʁ],[to],
1405.0,aHttab,laman,[l-aman],[Security],N
1406.0,aHttab,n,[n],[of],
1407.0,aHttab,!rbbi,[!rbbi],[God],N
1408.0,,New_Sentence,New_Sentence,New_Sentence,
1409.0,aHttab,tʒla,[t-ʒla],[3FS-lose:pf],V
1410.0,aHttab,tarwa,[tarwa],[children],N
1411.0,aHttab,ns,[n-s],[of-3S],
1412.0,aHttab,tssift,[t-ssift],[3FS-send:pf],V
1413.0,aHttab,tn,[tn],[Obj:3MP],
1414.0,aHttab,a,[ad],[AD:Comp],
1415.0,aHttab,jasn,[i-a-sn],[to-dat-3-PM],
1416.0,aHttab,tʁrs,[t-ʁrs],[3FS-immolatel:pf],V
1417.0,aHttab,nttat,[nttat],[nttat],
1418.0,aHttab,tnna,[t-nna],[3FS-say:pf],V
1419.0,aHttab,jak,[i-a-k],[j-a-k],
1420.0,aHttab,is,[is],[Interro],
1421.0,aHttab,mmutn,[mmut-n],[die:pf-3PM],V
1422.0,,New_Sentence,New_Sentence,New_Sentence,
1423.0,aHttab,!amzn,[!amz-n],[3PM-hold:ao],V
1424.0,aHttab,innattsn,[inna-tt-sn],[mother-of-them:3P],N
1425.0,aHttab,luħn,[luħ-nn],[throw:pf-3MP],V
1426.0,aHttab,ttinn,[tt-inn],[Obj:3S-deic],
1427.0,aHttab,ʁ,[ʁ],[in],
1428.0,aHttab,lħbs,[l-ħbs],[the-jail],N
1429.0,,New_Sentence,New_Sentence,New_Sentence,
1430.0,aHttab,!amzn,[!amz-n],[3PM:hold:ao],V
1431.0,aHttab,udaj,[udaj],[jewish],N
1432.0,aHttab,ʁrsn,[ʁrs-n],[immolate:pf-3PM],V
1433.0,aHttab,as,[a-s],[dat-3S],
1434.0,,New_Sentence,New_Sentence,New_Sentence,
1435.0,aHttab,!amzn,[!amz-n],[3PM:hold:ao],V
1436.0,aHttab,bbwa,[bbwa],[father],N
1437.0,aHttab,ttsn,[tts-n],[tts-n],
1438.0,aHttab,s,[s],[at],
1439.0,aHttab,ddu,[ddu],[under],
1440.0,aHttab,wfus,[w-fus],[SMCS-hand],N
